{
  "run_type": "real_su2_metropolis",
  "lattice_size": 6,
  "beta": 2.3,
  "proposal_eps": 0.25,
  "n_thermal_sweeps": 25,
  "n_configs": 30,
  "sweeps_between": 3,
  "acceptance_rate": 0.8745756172839506,
  "plaquette_mean": -0.0010384260568971405,
  "plaquette_std": 0.2221860935095901,
  "creutz22_mean": 0.41234108630116734,
  "creutz22_std": 0.4948766145335868,
  "gauge_abs_diff_max": 2.7755575615628914e-17,
  "m_eff_cosh_estimate": 0.11609694736542864,
  "m_eff_positive": true
}