{
  "cases": 6,
  "mass_positive_cases": 6,
  "max_gauge_abs_diff": 2.7755575615628914e-17,
  "beta_fits": {
    "2.1": {
      "m_inf_linear_1_over_L": -0.19406856358199379,
      "m_L_values": [
        0.34430990765931674,
        0.12238320357762612,
        0.0924936230846287
      ],
      "L_values": [
        4,
        6,
        8
      ]
    },
    "2.3": {
      "m_inf_linear_1_over_L": -0.22963615953787936,
      "m_L_values": [
        0.3476896132350484,
        0.09296620338060918,
        0.08450551641091018
      ],
      "L_values": [
        4,
        6,
        8
      ]
    }
  },
  "status": "PASS"
}