dt,C_dt,m_eff_cosh
0,0.04890033885434765,
1,0.048267812892401174,0.11609694736542864
2,0.04828659576667319,
3,0.04830454261389358,
4,0.0482865957666732,
5,0.048267812892401174,
